pid,fork,run,exit
0,0000000000000000,0000000000000000,0000000000000000
1,0000000000000000,000000002F05F060,0000000000000000
2,00000000352CAC40,00000000353AB140,0000000000000000
3,00000001E9C7C580,00000001E9D38540,000000025EF46C00
4,00000001EDBFD600,00000001EDC2C4E0,000000025C9607C0
5,00000001EE3BB9C0,00000001EE3F6A00,000000023FEB23E0
6,00000001EEBD6AA0,00000001EEC63440,000000025C848780
7,00000001EF408780,00000001EF439020,000000024EB44160
8,00000001EFB18DE0,00000001EFB69440,0000000249B0B780
9,00000001F01F8AE0,00000001F023A620,0000000241854D40
10,00000001F0981AA0,00000001F09F82C0,000000024373E860
11,00000001F0F3E600,00000001F0FAA800,0000000247DAA8C0
12,00000001F15059C0,00000001F15CAF60,0000000241726540
13,00000001F19FD640,00000001F1A56420,0000000242ED1AA0
14,00000001F1F56DC0,00000001F263A780,00000002325CF580
15,00000001F243FA20,00000001F2501D00,000000024A4C96A0
16,00000001F2ABF580,00000001F2B2E840,000000024D28D320
17,00000001F2FDC020,00000001F3022FC0,000000023F559580
18,00000001F34C72A0,00000001F35C9D40,000000025E0B71E0
19,00000001F39845C0,00000001F3A26E60,0000000247C0D980
20,00000001F3E77DA0,00000001F3F2E260,00000002419A2160
21,00000001F43837C0,00000001F458A880,0000000232A08EE0
22,00000001F4A95BE0,00000001F4B52080,0000000242CA5840
23,00000001F4F99800,00000001F505AC80,000000024AEC0980
24,00000001F548C660,00000001F5555FE0,000000023FD66900
25,00000001F599A020,00000001F5A3FF40,0000000246F937C0
26,00000001F5E94A20,00000001F5FDBB80,000000024E460BA0
27,00000001F65A72E0,00000001F67AAC00,000000025D34D380
28,00000001F6AC4E20,00000001F6BD4A60,0000000241105FC0
29,00000001F6FFBB40,00000001F82C3EA0,000000023202F600
30,00000001F7A7C5C0,00000001F7BF5500,000000024AD74500
31,00000001F7F78420,00000001F80DA340,00000002438F4AC0
32,00000001F86FE5A0,00000001F88D7CC0,000000025E82BBA0
33,00000001F8C3B900,00000001F8D34420,000000023F01E620
34,00000001F9168840,00000001F9393680,000000024DB97EA0
35,00000001F9691560,00000001F97DF880,00000002470FD520
36,00000003BBA71800,00000003BBAF1D00,0000000000000000
37,0000000000000000,0000000000000000,0000000000000000
38,0000000000000000,0000000000000000,0000000000000000
39,0000000000000000,0000000000000000,0000000000000000
40,0000000000000000,0000000000000000,0000000000000000
41,0000000000000000,0000000000000000,0000000000000000
42,0000000000000000,0000000000000000,0000000000000000
43,0000000000000000,0000000000000000,0000000000000000
44,0000000000000000,0000000000000000,0000000000000000
45,0000000000000000,0000000000000000,0000000000000000
46,0000000000000000,0000000000000000,0000000000000000
47,0000000000000000,0000000000000000,0000000000000000
48,0000000000000000,0000000000000000,0000000000000000
49,0000000000000000,0000000000000000,0000000000000000
50,0000000000000000,0000000000000000,0000000000000000
51,0000000000000000,0000000000000000,0000000000000000
52,0000000000000000,0000000000000000,0000000000000000
53,0000000000000000,0000000000000000,0000000000000000
54,0000000000000000,0000000000000000,0000000000000000
55,0000000000000000,0000000000000000,0000000000000000
56,0000000000000000,0000000000000000,0000000000000000
57,0000000000000000,0000000000000000,0000000000000000
58,0000000000000000,0000000000000000,0000000000000000
59,0000000000000000,0000000000000000,0000000000000000
60,0000000000000000,0000000000000000,0000000000000000
61,0000000000000000,0000000000000000,0000000000000000
62,0000000000000000,0000000000000000,0000000000000000
63,0000000000000000,0000000000000000,0000000000000000
